game_name,link,genres,release_year,number_of_reviews_from_purchased_people,game_avg_hrs_played,overall_player_rating,game_id
Terraria,https://store.steampowered.com/app/105600/Terraria?snr=1_category_4_action_100727,open_world_survival_craft sandbox survival 2d multiplayer adventure pixel_graphics crafting building exploration co-op open_world online_co-op indie action rpg singleplayer replay_value platformer atmospheric,2011,1061260.0,795.837962037962,Overwhelmingly Positive,181
Golf It!,https://store.steampowered.com/app/571740/Golf_It?snr=1_category_4_sportsandracing_100726,multiplayer mini_golf golf casual sports funny online_co-op singleplayer simulation level_editor indie early_access local_multiplayer sandbox co-op family_friendly vr memes difficult strategy,2023,22129.0,40.54667467948718,Very Positive,79
PAYDAY 2,https://store.steampowered.com/app/218620/PAYDAY_2?snr=1_category_4_action_100727,co-op action fps heist multiplayer looter_shooter online_co-op stealth crime shooter team-based first-person great_soundtrack gun_customization tactical pve strategy singleplayer funny simulation,2013,431019.0,673.0206082432974,Very Positive,131
"Warhammer 40,000: Rogue Trader",https://store.steampowered.com/app/2186680/Warhammer_40000_Rogue_Trader?snr=1_category_4_strategy_salebrowseall,cinematic online_co-op multiplayer turn-based_strategy strategy_rpg collectathon dungeon_crawler space atmospheric multiple_endings tactical_rpg mystery sci-fi tactical dark_humor rpg character_customization choices_matter combat exploration,2023,13539.0,106.84923817161189,Mostly Positive,217
Fallout 76,https://store.steampowered.com/app/1151340/Fallout_76?snr=1_category_4_rpg_100726,open_world dark_comedy multiplayer post-apocalyptic rpg capitalism survival base_building co-op shooter horror mmorpg exploration fps gore singleplayer violent atmospheric early_access great_soundtrack,2020,61554.0,349.2997193263833,Mostly Positive,67
Assetto Corsa Competizione,https://store.steampowered.com/app/805550/Assetto_Corsa_Competizione?snr=1_category_4_simulation_salebrowseall,racing automobile_sim simulation vr multiplayer driving realistic sports singleplayer controller open_world esports early_access first-person competitive online_co-op atmospheric moddable difficult pvp,2019,23536.0,298.0213615492114,Very Positive,19
Hearts of Iron IV,https://store.steampowered.com/app/394360/Hearts_of_Iron_IV?snr=1_category_4_simulation_100726,strategy world_war_ii grand_strategy war historical military alternate_history multiplayer simulation tactical real-time_with_pause singleplayer rts diplomacy sandbox co-op strategy_rpg competitive open_world action,2016,218593.0,1310.2066413282655,Very Positive,87
Gunfire Reborn,https://store.steampowered.com/app/1217060/Gunfire_Reborn?snr=1_category_4_adventure_salebrowseall,roguelite fps online_co-op roguelike co-op multiplayer looter_shooter indie action rpg adventure shooter action_roguelike first-person dungeon_crawler replay_value singleplayer early_access fast-paced loot,2021,82378.0,132.40706727889798,Very Positive,84
Deep Rock Galactic,https://store.steampowered.com/app/548430/Deep_Rock_Galactic?snr=1_category_4_action_100727,dwarf co-op pve fps procedural_generation class-based shooter exploration first-person loot sci-fi space action atmospheric looter_shooter combat survival horror dark action_roguelike,2020,247390.0,483.6160143769968,Overwhelmingly Positive,42
Stacklands,https://store.steampowered.com/app/1948280/Stacklands?snr=1_category_4_strategy_100727,card_game management survival card_battler roguelite city_builder strategy solitaire building 2d tabletop singleplayer cute deckbuilding simulation hand-drawn colorful indie casual fantasy,2022,23502.0,19.77724550898204,Overwhelmingly Positive,167
Tom Clancy's Rainbow Six® Siege,https://store.steampowered.com/app/359550/Tom_Clancys_Rainbow_Six_Siege?snr=1_category_4_action_salebrowseall,fps pvp esports multiplayer shooter tactical competitive online_co-op action hero_shooter team-based military strategy first-person war co-op realistic destruction difficult 3d,2015,1121920.0,1084.389532560927,Very Positive,189
The Sims™ 4,https://store.steampowered.com/app/1222670/The_Sims_4?snr=1_category_4_simulation_salebrowseall,life_sim character_customization building free_to_play multiplayer romance sandbox simulation singleplayer relaxing dating_sim casual realistic funny cute family_friendly immersive_sim fantasy adventure cartoony,2014,149708.0,243.758235176682,Very Positive,187
Subnautica,https://store.steampowered.com/app/264710/Subnautica?snr=1_category_4_adventure_100727,open_world_survival_craft survival horror open_world underwater exploration crafting base_building singleplayer adventure first-person sci-fi sandbox atmospheric aliens multiplayer survival_horror indie vr action,2018,255752.0,126.64972886121711,Overwhelmingly Positive,171
Fallout 4,https://store.steampowered.com/app/377160/Fallout_4?snr=1_category_4_rpg_100727,open_world post-apocalyptic singleplayer exploration rpg adventure atmospheric shooter first-person story_rich action sci-fi fps action_rpg sandbox great_soundtrack third_person survival third-person_shooter character_customization,2015,250033.0,462.3827383642115,Very Positive,66
War Thunder,https://store.steampowered.com/app/236390/War_Thunder?snr=1_category_4_simulation_salebrowseall,simulation free_to_play vehicular_combat combat world_war_ii vr flight war military tanks naval_combat multiplayer massively_multiplayer modern cold_war action realistic shooter third_person third-person_shooter,2013,543497.0,1633.710121780795,Mostly Positive,214
Need for Speed™ Heat,https://store.steampowered.com/app/1222680/Need_for_Speed_Heat?snr=1_category_4_sportsandracing_salebrowseall,racing open_world multiplayer driving action singleplayer co-op adventure combat_racing atmospheric third_person online_co-op arcade sports pvp first-person controller character_customization split_screen destruction,2019,96628.0,64.84884185303514,Very Positive,124
Unturned,https://store.steampowered.com/app/304930/Unturned?snr=1_category_4_action_100727,free_to_play survival zombies multiplayer open_world co-op sandbox crafting shooter adventure post-apocalyptic first-person looter_shooter singleplayer action fps massively_multiplayer indie atmospheric casual,2017,546080.0,632.781262485018,Very Positive,207
Undisputed,https://store.steampowered.com/app/1451190/Undisputed?snr=1_category_4_sportsandracing_salebrowseall,3d_fighter third_person 3d combat controller boxing fighting sports realistic multiplayer early_access singleplayer local_multiplayer simulation action esports pve pvp character_customization immersive_sim,2023,13370.0,88.51078274760384,Mostly Positive,206
Ultimate General: Civil War,https://store.steampowered.com/app/502520/Ultimate_General_Civil_War?snr=1_category_4_strategy_100727,wargame real_time_tactics war america tabletop rts grand_strategy strategy historical board_game strategy_rpg education turn-based_strategy tactical military combat simulation singleplayer multiplayer indie,2017,7428.0,389.52196485623006,Very Positive,204
ENDLESS™ Legend,https://store.steampowered.com/app/289130/ENDLESS_Legend?snr=1_category_4_strategy_100727,strategy 4x turn-based turn-based_strategy fantasy hex_grid multiplayer rpg singleplayer great_soundtrack sci-fi indie tactical grand_strategy adventure medieval atmospheric exploration open_world sandbox,2014,13919.0,117.51310262052412,Very Positive,59
Noita,https://store.steampowered.com/app/881100/Noita?snr=1_category_4_action_salebrowseall,physics difficult roguelike pixel_graphics dungeon_crawler indie open_world 2d sandbox perma_death action action_roguelike gun_customization rpg 2d_platformer roguelite dark_humor mythology action-adventure crafting,2020,63810.0,199.2523457776003,Overwhelmingly Positive,126
Monster Hunter: World,https://store.steampowered.com/app/582010/Monster_Hunter_World?snr=1_category_4_action_100727,co-op multiplayer action open_world rpg character_customization third_person adventure fantasy difficult action_rpg singleplayer exploration great_soundtrack replay_value atmospheric hack_and_slash jrpg mmorpg souls-like,2018,275839.0,652.7696651875756,Very Positive,116
NARAKA: BLADEPOINT,https://store.steampowered.com/app/1203220/NARAKA_BLADEPOINT?snr=1_category_4_action_salebrowseall,battle_royale multiplayer martial_arts pvp action female_protagonist character_customization massively_multiplayer fighting survival third_person swordplay hack_and_slash anime parkour adventure mature free_to_play violent gore,2021,253231.0,294.27127127127125,Mostly Positive,121
Age of Empires II (Retired),https://store.steampowered.com/app/221380/Age_of_Empires_II_Retired?snr=1_category_4_strategy_100727,strategy rts medieval multiplayer classic historical base_building city_builder resource_management singleplayer tactical real-time co-op competitive replay_value remake 2d isometric action adventure,2013,82338.0,341.34151696606784,Overwhelmingly Positive,4
Plague Inc: Evolved,https://store.steampowered.com/app/246620/Plague_Inc_Evolved?snr=1_category_4_simulation_100727,strategy simulation outbreak_sim indie singleplayer multiplayer zombies casual tactical replay_value post-apocalyptic addictive realistic 2d difficult atmospheric co-op sandbox early_access survival,2016,46662.0,42.769568690095845,Very Positive,136
FINAL FANTASY VII REMAKE INTERGRADE,https://store.steampowered.com/app/1462040/FINAL_FANTASY_VII_REMAKE_INTERGRADE?snr=1_category_4_adventure_salebrowseall,rpg action_rpg jrpg action-adventure singleplayer party-based_rpg spectacle_fighter third_person action controller adventure 3d fantasy 3d_platformer magic story_rich realistic cinematic drama sci-fi,2022,24837.0,55.40347374725494,Very Positive,64
Total War: THREE KINGDOMS,https://store.steampowered.com/app/779340/Total_War_THREE_KINGDOMS?snr=1_category_4_strategy_salebrowseall,strategy historical war turn-based_strategy grand_strategy rts military multiplayer tactical singleplayer real_time_tactics action turn-based great_soundtrack co-op simulation sandbox violent fantasy destruction,2019,57730.0,277.08404871231784,Very Positive,194
Inscryption,https://store.steampowered.com/app/1092790/Inscryption?snr=1_category_4_strategy_salebrowseall,card_battler card_game story_rich deckbuilding horror dark puzzle strategy roguelite psychological roguelike surreal experimental first-person point_&_click 3d 2d fmv pixel_graphics adventure,2021,109837.0,39.9063872255489,Overwhelmingly Positive,91
7 Days to Die,https://store.steampowered.com/app/251570/7_Days_to_Die?snr=1_category_4_simulation_100726,survival zombies multiplayer open_world open_world_survival_craft base_building voxel post-apocalyptic online_co-op building exploration sandbox fps simulation character_customization strategy tower_defense action procedural_generation horror,2024,231932.0,937.9966061090038,Very Positive,1
Plants vs. Zombies GOTY Edition,https://store.steampowered.com/app/3590/Plants_vs_Zombies_GOTY_Edition?snr=1_category_4_strategy_100727,tower_defense zombies strategy singleplayer casual classic 2d comedy great_soundtrack family_friendly funny puzzle addictive cute survival indie tactical adventure touch-friendly post-apocalyptic,2009,120413.0,88.63298722044729,Overwhelmingly Positive,137
Total War: ROME II - Emperor Edition,https://store.steampowered.com/app/214950/Total_War_ROME_II__Emperor_Edition?snr=1_category_4_strategy_salebrowseall,strategy historical turn-based_strategy grand_strategy rome tactical multiplayer war real_time_tactics rts turn-based singleplayer online_co-op simulation turn-based_tactics co-op moddable action atmospheric education,2013,47817.0,547.236973447794,Very Positive,193
Hades,https://store.steampowered.com/app/1145360/Hades?snr=1_category_4_action_100727,action_roguelike roguelite hack_and_slash indie mythology action roguelike great_soundtrack singleplayer rpg story_rich dungeon_crawler replay_value isometric difficult action_rpg hand-drawn atmospheric perma_death lgbtq+,2020,247249.0,98.0944,Overwhelmingly Positive,86
NBA 2K25,https://store.steampowered.com/app/2878980/NBA_2K25?snr=1_category_4_simulation_salebrowseall,sports basketball simulation esports 3d immersive_sim management pvp character_customization controller deckbuilding team-based trading co-op local_co-op local_multiplayer multiplayer online_co-op singleplayer 4_player_local,2024,4031.0,54.8930608365019,Mixed,123
Portal 2,https://store.steampowered.com/app/620/Portal_2?snr=1_category_4_action_100727,platformer puzzle first-person dark_humor story_rich puzzle_platformer funny female_protagonist 3d_platformer action-adventure action fps co-op physics sci-fi level_editor science comedy atmospheric adventure,2011,335633.0,144.86497299459893,Overwhelmingly Positive,138
Northgard,https://store.steampowered.com/app/466560/Northgard?snr=1_category_4_strategy_100727,strategy city_builder simulation rts base_building colony_sim building 4x economy tactical war management multiplayer pvp singleplayer moddable co-op vikings pve resource_management,2018,47115.0,207.64144539828308,Very Positive,127
eFootball™,https://store.steampowered.com/app/1665460/eFootball?snr=1_category_4_simulation_salebrowseall,football_(soccer) free_to_play controller sports multiplayer esports simulation pvp local_multiplayer co-op singleplayer online_co-op local_co-op realistic comedy memes violent lgbtq+ anime funny,2021,80277.0,166.93666333666334,Mixed,223
Total War: PHARAOH,https://store.steampowered.com/app/1937780/Total_War_PHARAOH?snr=1_category_4_strategy_salebrowseall,strategy rts grand_strategy action tactical war multiplayer atmospheric singleplayer turn-based_strategy pvp historical 4x capitalism rome management psychological_horror sexual_content nudity nsfw,2023,3189.0,57.70446491849752,Mixed,192
Little Nightmares,https://store.steampowered.com/app/424840/Little_Nightmares?snr=1_category_4_adventure_salebrowseall,horror atmospheric adventure singleplayer puzzle_platformer dark puzzle indie story_rich stealth platformer psychological_horror great_soundtrack 2.5d third_person survival_horror female_protagonist short action strategy,2017,44086.0,18.22976501305483,Very Positive,101
Skater XL - The Ultimate Skateboarding Game,https://store.steampowered.com/app/962730/Skater_XL__The_Ultimate_Skateboarding_Game?snr=1_category_4_sportsandracing_100727,skateboarding skating multiplayer sports sandbox online_co-op moddable physics character_customization simulation adventure mod controller action singleplayer realistic open_world snowboarding soundtrack indie,2020,18108.0,167.6538231183869,Very Positive,162
My Summer Car,https://store.steampowered.com/app/516750/My_Summer_Car?snr=1_category_4_simulation_100727,automobile_sim simulation driving open_world survival realistic first-person building racing singleplayer funny early_access sandbox difficult perma_death comedy indie adventure multiplayer puzzle,2016,71176.0,178.15370741482965,Very Positive,120
"Warhammer 40,000: Gladius - Relics of War",https://store.steampowered.com/app/489630/Warhammer_40000_Gladius__Relics_of_War?snr=1_category_4_strategy_100727,strategy warhammer_40k 4x turn-based_strategy hex_grid turn-based multiplayer sci-fi turn-based_tactics wargame singleplayer tactical co-op war grand_strategy turn-based_combat replay_value great_soundtrack military games_workshop,2018,6858.0,130.62630522088352,Very Positive,216
Red Dead Redemption 2,https://store.steampowered.com/app/1174180/Red_Dead_Redemption_2?snr=1_category_4_action_100726,open_world story_rich western adventure multiplayer action realistic singleplayer shooter atmospheric horses beautiful mature third-person_shooter great_soundtrack third_person gore sandbox first-person fps,2019,571694.0,278.6610067918498,Very Positive,144
Balatro,https://store.steampowered.com/app/2379780/Balatro?snr=1_category_4_strategy_100726,roguelike_deckbuilder card_game roguelike deckbuilding singleplayer strategy card_battler turn-based replay_value pixel_graphics choices_matter roguelite casual turn-based_strategy difficult 2d arcade simulation relaxing procedural_generation,2024,42900.0,86.03406813627255,Overwhelmingly Positive,20
ARK: Survival Evolved,https://store.steampowered.com/app/346110/ARK_Survival_Evolved?snr=1_category_4_action_100727,open_world_survival_craft survival multiplayer open_world dinosaurs crafting building adventure base_building co-op action first-person sandbox massively_multiplayer singleplayer early_access rpg dragons sci-fi indie,2017,527988.0,1907.1898582551407,Very Positive,3
Hollow Knight,https://store.steampowered.com/app/367520/Hollow_Knight?snr=1_category_4_action_100727,metroidvania souls-like platformer great_soundtrack difficult 2d indie singleplayer atmospheric exploration adventure story_rich hand-drawn action multiple_endings dark_fantasy open_world cute controller side_scroller,2017,329268.0,128.98462767019365,Overwhelmingly Positive,89
Fallout: New Vegas,https://store.steampowered.com/app/22380/Fallout_New_Vegas?snr=1_category_4_rpg_100727,open_world rpg post-apocalyptic singleplayer moddable story_rich exploration first-person action adventure sci-fi fps western atmospheric action_rpg character_customization survival sandbox shooter third_person,2010,173792.0,289.9392971246006,Overwhelmingly Positive,68
Call of Duty®,https://store.steampowered.com/app/1938090/Call_of_Duty?snr=1_category_4_action_salebrowseall,fps multiplayer shooter action singleplayer military first-person war modern tactical violent co-op realistic story_rich atmospheric mature online_co-op gore third-person_shooter third_person,2022,333296.0,291.29307246955483,Mixed,24
Core Keeper,https://store.steampowered.com/app/1621690/Core_Keeper?snr=1_category_4_adventure_salebrowseall,pixel_graphics online_co-op open_world_survival_craft sandbox survival adventure crafting 2d exploration building mining dungeon_crawler procedural_generation farming_sim relaxing cooking simulation atmospheric mystery casual,2024,30117.0,96.7515127067366,Very Positive,32
Tabletop Simulator,https://store.steampowered.com/app/286160/Tabletop_Simulator?snr=1_category_4_simulation_100727,tabletop board_game simulation multiplayer sandbox card_game vr trading_card_game physics moddable casual 3d strategy online_co-op wargame co-op rpg funny first-person indie,2015,40083.0,369.9411177644711,Overwhelmingly Positive,177
DREDGE,https://store.steampowered.com/app/1562430/DREDGE?snr=1_category_4_adventure_100726,exploration fishing lovecraftian open_world adventure mystery inventory_management atmospheric rpg simulation psychological_horror singleplayer horror stylized survival_horror psychological story_rich sailing 3d indie,2023,29450.0,18.99258517034068,Overwhelmingly Positive,37
EA SPORTS FC™ 24,https://store.steampowered.com/app/2195250/EA_SPORTS_FC_24?snr=1_category_4_sportsandracing_salebrowseall,football_(soccer) sports controller multiplayer esports pvp competitive pve local_multiplayer 3d simulation online_co-op singleplayer realistic local_co-op co-op action family_friendly first-person early_access,2023,85952.0,283.6858743497399,Mixed,54
Valheim,https://store.steampowered.com/app/892970/Valheim?snr=1_category_4_action_100727,open_world_survival_craft survival online_co-op open_world multiplayer building crafting exploration base_building co-op difficult adventure mythology action sandbox pve early_access singleplayer third_person indie,2021,397845.0,286.35543130990413,Very Positive,208
Tomb Raider,https://store.steampowered.com/app/203160/Tomb_Raider?snr=1_category_4_action_100727,adventure action female_protagonist third_person singleplayer story_rich third-person_shooter multiplayer exploration action-adventure quick-time_events atmospheric shooter puzzle stealth cinematic platformer rpg reboot 3d_vision,2013,146141.0,41.6997995991984,Overwhelmingly Positive,190
Two Point Campus,https://store.steampowered.com/app/1649080/Two_Point_Campus?snr=1_category_4_simulation_salebrowseall,management simulation strategy building city_builder casual sandbox funny cartoony isometric comedy singleplayer family_friendly indie economy tactical replay_value retro education cute,2022,3661.0,75.69025844930418,Very Positive,201
Riders Republic,https://store.steampowered.com/app/2290180/Riders_Republic?snr=1_category_4_sportsandracing_salebrowseall,racing open_world massively_multiplayer sports multiplayer pvp bikes snowboarding third_person skiing cycling bmx first-person online_co-op co-op singleplayer colorful skateboarding,2023,14718.0,26.57902697252332,Very Positive,146
Age of Empires IV: Anniversary Edition,https://store.steampowered.com/app/1466860/Age_of_Empires_IV_Anniversary_Edition?snr=1_category_4_strategy_100726,strategy rts base_building war multiplayer singleplayer medieval resource_management city_builder historical action_rts pvp pve co-op 3d isometric management open_world online_co-op mature,2021,53466.0,242.15743148629727,Very Positive,6
MARVEL SNAP,https://store.steampowered.com/app/1997040/MARVEL_SNAP?snr=1_category_4_strategy_100726,free_to_play card_battler strategy card_game multiplayer turn-based_tactics pvp casual superhero deckbuilding comic_book stylized trading_card_game early_access co-op mouse_only,2023,27412.0,233.4563785186664,Very Positive,104
STAR WARS™ Empire at War - Gold Pack,https://store.steampowered.com/app/32470/STAR_WARS_Empire_at_War__Gold_Pack?snr=1_category_4_strategy_100727,strategy rts space sci-fi multiplayer singleplayer moddable mod tactical war action classic great_soundtrack grand_strategy simulation 4x co-op adventure atmospheric epic,2006,31032.0,366.0543022559393,Overwhelmingly Positive,152
Satisfactory,https://store.steampowered.com/app/526870/Satisfactory?snr=1_category_4_adventure_salebrowseall,base_building automation open_world multiplayer crafting co-op resource_management building sandbox exploration adventure open_world_survival_craft simulation survival first-person early_access strategy sci-fi singleplayer indie,2024,154636.0,338.3011854530842,Overwhelmingly Positive,154
Descenders,https://store.steampowered.com/app/681280/Descenders?snr=1_category_4_sportsandracing_100726,sports racing cycling action bikes multiplayer great_soundtrack procedural_generation roguelite open_world bmx fast-paced simulation physics moddable addictive difficult relaxing beautiful competitive,2019,14146.0,72.55966420147911,Overwhelmingly Positive,43
Teardown,https://store.steampowered.com/app/1167630/Teardown?snr=1_category_4_simulation_100727,destruction physics sandbox voxel first-person singleplayer heist open_world realistic 3d simulation action puzzle driving indie immersive_sim tactical replay_value puzzle_platformer runner,2022,89873.0,127.82395209580838,Overwhelmingly Positive,180
Among Us,https://store.steampowered.com/app/945360/Among_Us?snr=1_category_4_action_100727,multiplayer online_co-op social_deduction space survival 2d funny psychological co-op party_game cartoony local_multiplayer casual action pvp sci-fi minigames top-down aliens colorful,2018,606700.0,126.11808191808193,Very Positive,13
Dragon's Dogma 2,https://store.steampowered.com/app/2054970/Dragons_Dogma_2?snr=1_category_4_adventure_salebrowseall,open_world rpg action_rpg action fantasy adventure singleplayer dragons action-adventure magic medieval swordplay character_customization physics third_person artificial_intelligence lore-rich multiplayer 3d pve,2024,64168.0,69.585,Mixed,49
Cities: Skylines II,https://store.steampowered.com/app/949230/Cities_Skylines_II?snr=1_category_4_simulation_salebrowseall,simulation city_builder building singleplayer sandbox management economy strategy realistic moddable resource_management relaxing transportation casual multiplayer atmospheric early_access open_world great_soundtrack mod,2023,42905.0,101.20323417847874,Mixed,30
Fishing Planet,https://store.steampowered.com/app/380600/Fishing_Planet?snr=1_category_4_sportsandracing_salebrowseall,fishing free_to_play multiplayer simulation sports relaxing realistic massively_multiplayer co-op first-person open_world singleplayer online_co-op family_friendly adventure casual mmorpg action fps farming_sim,2015,59354.0,259.0556886227545,Very Positive,70
House Flipper,https://store.steampowered.com/app/613100/House_Flipper?snr=1_category_4_simulation_100727,simulation design_&_illustration building singleplayer relaxing sandbox casual immersive_sim education management first-person economy family_friendly base_building replay_value 3d realistic multiplayer indie moddable,2018,78509.0,138.41809828206152,Very Positive,90
Slime Rancher,https://store.steampowered.com/app/433340/Slime_Rancher?snr=1_category_4_simulation_100727,cute exploration adventure singleplayer open_world first-person colorful funny sandbox simulation casual management fantasy family_friendly indie great_soundtrack female_protagonist action early_access fps,2017,110588.0,71.89078156312625,Overwhelmingly Positive,165
DAVE THE DIVER,https://store.steampowered.com/app/1868140/DAVE_THE_DIVER?snr=1_category_4_rpg_100727,pixel_graphics casual management adventure relaxing rpg fishing exploration simulation underwater singleplayer farming_sim 2d crafting story_rich roguelite funny agriculture action indie,2023,102517.0,45.19380156973234,Overwhelmingly Positive,36
Age of Empires II: Definitive Edition,https://store.steampowered.com/app/813780/Age_of_Empires_II_Definitive_Edition?snr=1_category_4_strategy_100726,strategy rts city_builder multiplayer base_building historical singleplayer medieval resource_management classic tactical real-time co-op remake isometric 2d replay_value action great_soundtrack adventure,2019,131277.0,511.03360672134426,Very Positive,5
Dying Light,https://store.steampowered.com/app/239140/Dying_Light?snr=1_category_4_action_100727,zombies survival_horror horror online_co-op open_world parkour first-person survival open_world_survival_craft gore fps action pve stealth pvp post-apocalyptic story_rich multiplayer hack_and_slash action_rpg,2015,315018.0,169.43876123876123,Overwhelmingly Positive,52
iRacing,https://store.steampowered.com/app/266410/iRacing?snr=1_category_4_sportsandracing_salebrowseall,racing automobile_sim simulation vr sports driving massively_multiplayer multiplayer realistic singleplayer controller esports first-person action,2015,2707.0,247.7520184544406,Very Positive,224
Chained Together,https://store.steampowered.com/app/2567870/Chained_Together?snr=1_category_4_adventure_100726,co-op adventure casual platformer simulation puzzle_platformer action-adventure 3d_platformer third_person exploration funny online_co-op mystery post-apocalyptic emotional multiplayer physics surreal choices_matter controller,2024,27401.0,8.259782170229931,Very Positive,29
Crime Scene Cleaner,https://store.steampowered.com/app/1040200/Crime_Scene_Cleaner?snr=1_category_4_adventure_100726,crime simulation gore singleplayer first-person mature action adventure atmospheric funny realistic exploration stealth indie life_sim walking_simulator hacking heist great_soundtrack violent,2024,7625.0,17.632706374085686,Overwhelmingly Positive,34
Symphony of War: The Nephilim Saga,https://store.steampowered.com/app/1488200/Symphony_of_War_The_Nephilim_Saga?snr=1_category_4_rpg_100727,tactical_rpg rpg story_rich fantasy turn-based_strategy adventure female_protagonist strategy_rpg pixel_graphics lore-rich romance drama strategy 2d jrpg indie auto_battler singleplayer party-based_rpg tactical,2022,10413.0,70.81377245508982,Overwhelmingly Positive,174
ARK: Survival Ascended,https://store.steampowered.com/app/2399830/ARK_Survival_Ascended?snr=1_category_4_adventure_100726,early_access survival open_world dinosaurs multiplayer adventure building action crafting base_building sandbox character_customization pve pvp singleplayer massively_multiplayer inventory_management rpg sci-fi fantasy,2023,54833.0,312.0085089141005,Mixed,2
Rooftops & Alleys: The Parkour Game,https://store.steampowered.com/app/2703850/Rooftops__Alleys_The_Parkour_Game?snr=1_category_4_sportsandracing_salebrowseall,simulation sports parkour 3d_platformer esports exploration first-person third_person immersive_sim 3d open_world character_customization singleplayer physics controller early_access indie action gaming multiplayer,2024,3498.0,17.938175046554935,Overwhelmingly Positive,149
CarX Drift Racing Online,https://store.steampowered.com/app/635260/CarX_Drift_Racing_Online?snr=1_category_4_simulation_100727,racing driving multiplayer automobile_sim simulation sports open_world massively_multiplayer controller vr singleplayer arcade realistic local_multiplayer co-op mod games_workshop casual action early_access,2017,73316.0,247.17829302418548,Overwhelmingly Positive,27
Garry's Mod,https://store.steampowered.com/app/4000/Garrys_Mod?snr=1_category_4_simulation_100727,sandbox moddable multiplayer physics building casual funny first-person singleplayer fps simulation online_co-op co-op shooter comedy action indie pvp realistic exploration,2006,945676.0,2235.8873801916934,Overwhelmingly Positive,76
Total War: WARHAMMER,https://store.steampowered.com/app/364360/Total_War_WARHAMMER?snr=1_category_4_strategy_salebrowseall,strategy fantasy rts war turn-based_strategy games_workshop grand_strategy multiplayer tactical dark_fantasy action singleplayer turn-based atmospheric dwarf co-op story_rich open_world rpg gore,2016,31165.0,244.28109403074467,Mostly Positive,195
Hogwarts Legacy,https://store.steampowered.com/app/990080/Hogwarts_Legacy?snr=1_category_4_rpg_100727,magic fantasy open_world singleplayer adventure rpg character_customization exploration story_rich third_person action-adventure atmospheric action_rpg action combat choices_matter puzzle great_soundtrack dark family_friendly,2023,203217.0,73.58746736292429,Very Positive,88
Arma 3,https://store.steampowered.com/app/107410/Arma_3?snr=1_category_4_simulation_100727,military action multiplayer shooter simulation realistic first-person open_world tactical fps war co-op strategy sandbox singleplayer moddable combat online_co-op team-based third-person_shooter,2013,206149.0,1975.4236374525851,Very Positive,16
Company of Heroes 3,https://store.steampowered.com/app/1677280/Company_of_Heroes_3?snr=1_category_4_strategy_salebrowseall,strategy wargame rts action_rts real_time_tactics world_war_ii pvp turn-based_tactics historical military top-down turn-based_strategy action choices_matter tactical turn-based_combat war singleplayer multiplayer cinematic,2023,15774.0,159.78937911758834,Mixed,31
Kerbal Space Program,https://store.steampowered.com/app/220200/Kerbal_Space_Program?snr=1_category_4_simulation_100727,space simulation sandbox physics science space_sim building moddable indie education open_world singleplayer exploration funny sci-fi difficult adventure replay_value strategy comedy,2015,100053.0,494.89339189458974,Overwhelmingly Positive,94
Diablo® IV,https://store.steampowered.com/app/2344520/Diablo_IV?snr=1_category_4_action_100726,action_rpg hack_and_slash loot isometric rpg online_co-op singleplayer co-op action third_person dungeon_crawler multiplayer fantasy pve dark_fantasy story_rich gore exploration violent point_&_click,2023,23757.0,106.94109424920129,Mostly Positive,46
RIDE 5,https://store.steampowered.com/app/1650010/RIDE_5?snr=1_category_4_sportsandracing_100726,racing simulation sports motorbike split_screen bikes driving multiplayer realistic singleplayer local_multiplayer first-person controller third_person pvp physics family_friendly character_customization artificial_intelligence tutorial,2023,1063.0,60.3125,Mostly Positive,143
Wallpaper Engine,https://store.steampowered.com/app/431960/Wallpaper_Engine?snr=1_category_4_action_100726,mature utilities software anime design_&_illustration animation_&_modeling nsfw first-person indie memes cute action singleplayer funny early_access photo_editing sandbox horror game_development gaming,2018,760648.0,428.8163306049112,Overwhelmingly Positive,213
RIDE 4,https://store.steampowered.com/app/1259980/RIDE_4?snr=1_category_4_sportsandracing_100727,racing motorbike sports multiplayer first-person open_world third_person simulation automobile_sim driving pvp singleplayer bikes competitive vr controller difficult split_screen,2020,8719.0,91.13252219664584,Very Positive,142
Yu-Gi-Oh! Master Duel,https://store.steampowered.com/app/1449850/YuGiOh_Master_Duel?snr=1_category_4_simulation_salebrowseall,card_game free_to_play strategy trading_card_game multiplayer pvp card_battler anime simulation turn-based_tactics tactical singleplayer esports dragons fantasy pve 3d 2d great_soundtrack sexual_content,2022,76889.0,312.0126025205041,Mostly Positive,222
Mount & Blade: Warband,https://store.steampowered.com/app/48700/Mount__Blade_Warband?snr=1_category_4_rpg_100727,medieval rpg open_world strategy sandbox multiplayer action moddable military adventure horses singleplayer realistic first-person historical third_person simulation hack_and_slash fantasy indie,2010,127977.0,952.8732281892592,Overwhelmingly Positive,119
Assetto Corsa,https://store.steampowered.com/app/244210/Assetto_Corsa?snr=1_category_4_simulation_salebrowseall,racing automobile_sim simulation driving multiplayer realistic vr sports moddable open_world controller physics singleplayer first-person replay_value indie action 3d_vision trackir artificial_intelligence,2014,103905.0,329.3825878594249,Very Positive,18
The Forest,https://store.steampowered.com/app/242760/The_Forest?snr=1_category_4_action_100727,open_world_survival_craft survival open_world horror crafting adventure building survival_horror first-person action exploration sandbox singleplayer atmospheric simulation gore realistic indie zombies early_access,2018,472878.0,111.59191838367674,Overwhelmingly Positive,185
Europa Universalis IV,https://store.steampowered.com/app/236850/Europa_Universalis_IV?snr=1_category_4_strategy_100726,grand_strategy strategy historical simulation 4x alternate_history diplomacy military wargame economy replay_value sandbox political real-time_with_pause moddable nonlinear co-op management singleplayer multiplayer,2013,86744.0,1835.5086693548387,Very Positive,61
Golf With Your Friends,https://store.steampowered.com/app/431240/Golf_With_Your_Friends?snr=1_category_4_sportsandracing_salebrowseall,multiplayer casual mini_golf sports golf indie funny family_friendly co-op singleplayer early_access physics simulation strategy great_soundtrack local_multiplayer difficult memes massively_multiplayer action,2020,42674.0,49.954654414702354,Very Positive,81
Wrestling Empire,https://store.steampowered.com/app/1620340/Wrestling_Empire?snr=1_category_4_sportsandracing_100727,sports wrestling 3d_fighter character_customization simulation choices_matter 3d beat_em_up immersive_sim cartoony colorful third_person martial_arts 1980s combat 4_player_local local_co-op local_multiplayer singleplayer multiplayer,2021,2172.0,79.44347379239466,Overwhelmingly Positive,221
STAR WARS™ Battlefront™ II,https://store.steampowered.com/app/1237950/STAR_WARS_Battlefront_II?snr=1_category_4_adventure_salebrowseall,multiplayer shooter singleplayer action third-person_shooter space fps sci-fi co-op combat online_co-op vehicular_combat first-person third_person adventure pvp aliens controller tactical character_customization,2017,51748.0,103.84741641337386,Very Positive,151
Titanfall® 2,https://store.steampowered.com/app/1237970/Titanfall_2?snr=1_category_4_action_100727,fps mechs multiplayer shooter action singleplayer parkour sci-fi first-person futuristic pvp combat military fast-paced team-based time_travel hero_shooter violent co-op gore,2016,206259.0,82.74855202716198,Overwhelmingly Positive,188
STAR WARS Jedi: Survivor™,https://store.steampowered.com/app/1774580/STAR_WARS_Jedi_Survivor?snr=1_category_4_adventure_salebrowseall,action adventure singleplayer third_person souls-like sci-fi open_world action-adventure story_rich space swordplay parkour exploration combat character_customization rpg atmospheric great_soundtrack difficult multiplayer,2023,51497.0,43.42554890219561,Mixed,150
Grand Theft Auto V,https://store.steampowered.com/app/271590/Grand_Theft_Auto_V?snr=1_category_4_action_salebrowseall,open_world action multiplayer crime automobile_sim third_person first-person mature shooter adventure singleplayer third-person_shooter racing co-op sandbox atmospheric funny great_soundtrack comedy moddable,2015,1714757.0,779.6316630065882,Very Positive,83
shapez 2,https://store.steampowered.com/app/2162800/shapez_2?snr=1_category_4_simulation_100726,management strategy automation futuristic early_access building puzzle crafting simulation sandbox trains space transportation base_building 3d logic singleplayer casual relaxing procedural_generation,2024,6553.0,43.42402376910017,Overwhelmingly Positive,225
DARK SOULS™ III,https://store.steampowered.com/app/374320/DARK_SOULS_III?snr=1_category_4_rpg_100727,souls-like dark_fantasy difficult rpg atmospheric lore-rich third_person exploration story_rich action_rpg co-op great_soundtrack adventure action multiplayer pvp open_world singleplayer character_customization replay_value,2016,249163.0,328.3110843856484,Very Positive,35
Limbus Company,https://store.steampowered.com/app/1973530/Limbus_Company?snr=1_category_4_rpg_100726,lore-rich story_rich turn-based_tactics rpg turn-based_combat visual_novel strategy_rpg singleplayer strategy free_to_play anime pve turn-based_strategy action 2d dark_fantasy sci-fi roguelite great_soundtrack colorful,2023,37527.0,380.0183632734531,Very Positive,100
Dark and Darker,https://store.steampowered.com/app/2016590/Dark_and_Darker?snr=1_category_4_rpg_100726,early_access dungeon_crawler multiplayer medieval loot pvp rpg battle_royale online_co-op pve first-person fantasy survival extraction_shooter class-based magic team-based swordplay exploration dark,2024,48021.0,101.8056338028169,Mostly Positive,39
Sid Meier’s Civilization® VI,https://store.steampowered.com/app/289070/Sid_Meiers_Civilization_VI?snr=1_category_4_simulation_100727,strategy turn-based_strategy multiplayer historical singleplayer grand_strategy turn-based 4x war simulation city_builder tactical management building great_soundtrack moddable online_co-op co-op hex_grid atmospheric,2016,238316.0,633.6851038338658,Very Positive,160
Mount & Blade II: Bannerlord,https://store.steampowered.com/app/261550/Mount__Blade_II_Bannerlord?snr=1_category_4_rpg_100727,medieval strategy open_world rpg war sandbox multiplayer singleplayer action character_customization simulation moddable adventure horses realistic third_person historical first-person great_soundtrack early_access,2022,194924.0,350.59464856230034,Very Positive,118
Stardew Valley,https://store.steampowered.com/app/413150/Stardew_Valley?snr=1_category_4_rpg_100726,farming_sim pixel_graphics life_sim multiplayer rpg relaxing agriculture simulation crafting sandbox indie building singleplayer casual open_world 2d cute dating_sim great_soundtrack fishing,2016,644043.0,300.3831104012777,Overwhelmingly Positive,168
Sins of a Solar Empire II,https://store.steampowered.com/app/1575940/Sins_of_a_Solar_Empire_II?snr=1_category_4_strategy_100726,strategy space 4x rts sci-fi singleplayer multiplayer tactical story_rich co-op pve pvp immersive_sim real-time 3d base_building tutorial competitive choices_matter isometric,2024,3953.0,37.63519952352591,Very Positive,161
Lies of P,https://store.steampowered.com/app/1627720/Lies_of_P?snr=1_category_4_adventure_salebrowseall,souls-like action dark_fantasy action_rpg exploration third_person singleplayer story_rich adventure dark steampunk atmospheric 3d rpg choices_matter multiple_endings gothic violent difficult replay_value,2023,30614.0,53.99859971994399,Very Positive,98
Forza Horizon 5,https://store.steampowered.com/app/1551360/Forza_Horizon_5?snr=1_category_4_adventure_100726,racing open_world driving multiplayer automobile_sim realistic simulation adventure arcade exploration first-person atmospheric sports co-op pvp online_co-op singleplayer beautiful action vr,2021,177814.0,208.85674100863972,Very Positive,73
theHunter: Call of the Wild™,https://store.steampowered.com/app/518790/theHunter_Call_of_the_Wild?snr=1_category_4_simulation_salebrowseall,hunting open_world multiplayer nature relaxing stealth sandbox fps simulation survival realistic online_co-op first-person america co-op walking_simulator immersive_sim shooter sports controller,2017,136012.0,204.92591853035145,Very Positive,226
Tony Hawk's™ Pro Skater™ 1 + 2,https://store.steampowered.com/app/2395210/Tony_Hawks_Pro_Skater_1__2?snr=1_category_4_sportsandracing_salebrowseall,sports skateboarding multiplayer singleplayer arcade co-op character_customization third_person 3d soundtrack music remake great_soundtrack open_world,2023,3253.0,24.323604060913706,Very Positive,191
Divinity: Original Sin 2 - Definitive Edition,https://store.steampowered.com/app/435150/Divinity_Original_Sin_2__Definitive_Edition?snr=1_category_4_rpg_100727,tactical_rpg rpg turn-based_strategy story_rich fantasy character_customization crpg exploration party-based_rpg strategy_rpg pvp female_protagonist co-op_campaign local_co-op choices_matter isometric romance strategy moddable funny,2017,159505.0,239.8009640490058,Overwhelmingly Positive,47
STAR WARS™: The Old Republic™,https://store.steampowered.com/app/1286830/STAR_WARS_The_Old_Republic?snr=1_category_4_rpg_100726,free_to_play mmorpg multiplayer character_customization open_world rpg story_rich choices_matter massively_multiplayer sci-fi adventure space action third_person pvp atmospheric action_rpg party-based_rpg great_soundtrack crpg,2011,62836.0,506.68031150159743,Very Positive,153
Need for Speed™ Unbound,https://store.steampowered.com/app/1846380/Need_for_Speed_Unbound?snr=1_category_4_sportsandracing_salebrowseall,racing multiplayer open_world action driving singleplayer character_customization combat_racing controller arcade casual online_co-op simulation atmospheric sports adventure anime immersive music split_screen,2022,30337.0,57.99660610900379,Mixed,125
Undertale,https://store.steampowered.com/app/391540/Undertale?snr=1_category_4_rpg_100727,great_soundtrack story_rich choices_matter multiple_endings pixel_graphics funny rpg singleplayer indie comedy 2d replay_value bullet_hell cute memes retro dark psychological_horror dating_sim horror,2015,212580.0,57.85637127425485,Overwhelmingly Positive,205
Scythe: Digital Edition,https://store.steampowered.com/app/718560/Scythe_Digital_Edition?snr=1_category_4_strategy_100727,board_game strategy turn-based multiplayer 4x tabletop alternate_history mechs hex_grid turn-based_strategy sci-fi steampunk world_war_i singleplayer historical character_customization hand-drawn tactical pvp war,2018,2900.0,99.14633157681396,Very Positive,155
Frostpunk,https://store.steampowered.com/app/323190/Frostpunk?snr=1_category_4_strategy_100726,city_builder survival resource_management strategy post-apocalyptic steampunk colony_sim building base_building singleplayer simulation management choices_matter atmospheric economy dark difficult rts great_soundtrack real-time_with_pause,2018,93041.0,84.50730146029206,Very Positive,74
DiRT Rally 2.0,https://store.steampowered.com/app/690790/DiRT_Rally_20?snr=1_category_4_sportsandracing_salebrowseall,racing automobile_sim simulation multiplayer driving vr sports offroad realistic difficult singleplayer first-person controller open_world co-op 3d_vision family_friendly trackir action souls-like,2019,31468.0,128.748,Very Positive,45
Steep™,https://store.steampowered.com/app/460920/Steep?snr=1_category_4_sportsandracing_salebrowseall,sports open_world multiplayer action simulation atmospheric exploration great_soundtrack adventure racing snowboarding first-person third_person co-op singleplayer realistic skiing sandbox casual snow,2016,25749.0,38.14599560615139,Very Positive,169
For The King,https://store.steampowered.com/app/527230/For_The_King?snr=1_category_4_strategy_100727,rpg online_co-op strategy open_world roguelike turn-based multiplayer co-op turn-based_combat adventure tabletop roguelite turn-based_strategy party-based_rpg board_game local_co-op indie fantasy hex_grid strategy_rpg,2018,28178.0,64.07924151696606,Very Positive,72
BeamNG.drive,https://store.steampowered.com/app/284160/BeamNGdrive?snr=1_category_4_simulation_salebrowseall,simulation driving realistic physics destruction automobile_sim open_world sandbox racing moddable multiplayer singleplayer early_access first-person third_person funny exploration action adventure flight,2015,249828.0,443.66379310344826,Overwhelmingly Positive,21
Lethal Company,https://store.steampowered.com/app/1966720/Lethal_Company?snr=1_category_4_adventure_salebrowseall,online_co-op horror first-person co-op survival_horror exploration psychological_horror funny sci-fi pve atmospheric procedural_generation aliens time_management adventure dungeon_crawler action early_access action-adventure perma_death,2023,349667.0,73.98941481925304,Overwhelmingly Positive,97
Dead by Daylight,https://store.steampowered.com/app/381210/Dead_by_Daylight?snr=1_category_4_action_salebrowseall,horror survival_horror multiplayer online_co-op co-op survival gore team-based blood stealth third_person violent first-person psychological_horror action atmospheric strategy comedy mature difficult,2016,540378.0,1478.2224889955985,Very Positive,41
The First Descendant,https://store.steampowered.com/app/2074920/The_First_Descendant?snr=1_category_4_action_salebrowseall,free_to_play sexual_content looter_shooter multiplayer third-person_shooter rpg online_co-op action shooter action_rpg third_person singleplayer adventure sci-fi character_customization co-op pve story_rich combat violent,2024,86455.0,116.01897343718794,Mixed,184
Little Nightmares II,https://store.steampowered.com/app/860510/Little_Nightmares_II?snr=1_category_4_adventure_salebrowseall,horror adventure singleplayer puzzle dark atmospheric psychological_horror story_rich stealth action-adventure puzzle_platformer multiplayer indie platformer great_soundtrack 2.5d thriller action co-op violent,2021,31751.0,13.794088276413024,Very Positive,102
PIPE by BMX Streets,https://store.steampowered.com/app/815780/PIPE_by_BMX_Streets?snr=1_category_4_sportsandracing_100727,sports simulation indie bmx bikes open_world multiplayer singleplayer mod,2018,5350.0,98.02953767123287,Very Positive,132
Sonic Frontiers,https://store.steampowered.com/app/1237320/Sonic_Frontiers?snr=1_category_4_adventure_salebrowseall,great_soundtrack open_world adventure 3d_platformer action exploration singleplayer action-adventure fast-paced 3d third_person platformer story_rich combat lore-rich colorful fantasy action_rpg comedy mature,2022,17727.0,50.30724346076459,Very Positive,166
RIDE 3,https://store.steampowered.com/app/759740/RIDE_3?snr=1_category_4_sportsandracing_100727,racing simulation sports motorbike multiplayer bikes competitive atmospheric open_world singleplayer funny driving,2018,4306.0,62.69874752801582,Very Positive,141
Resident Evil 4,https://store.steampowered.com/app/2050650/Resident_Evil_4?snr=1_category_4_action_100727,horror action survival_horror third-person_shooter singleplayer zombies story_rich survival cinematic dark realistic remake gore resource_management adventure third_person psychological_horror 3d violent action-adventure,2023,93344.0,69.09136647212719,Overwhelmingly Positive,145
Car Mechanic Simulator 2021,https://store.steampowered.com/app/1190000/Car_Mechanic_Simulator_2021?snr=1_category_4_simulation_100727,simulation automobile_sim sandbox realistic moddable racing driving 3d education singleplayer first-person immersive_sim puzzle open_world atmospheric adventure minigames indie vr strategy,2021,24893.0,104.2617288880016,Overwhelmingly Positive,26
Total War: WARHAMMER II,https://store.steampowered.com/app/594570/Total_War_WARHAMMER_II?snr=1_category_4_strategy_salebrowseall,strategy fantasy turn-based_strategy rts grand_strategy war multiplayer games_workshop action turn-based singleplayer dark_fantasy co-op tactical real_time_tactics story_rich atmospheric dwarf dinosaurs great_soundtrack,2017,83365.0,818.2404961984794,Very Positive,196
Slay the Spire,https://store.steampowered.com/app/646570/Slay_the_Spire?snr=1_category_4_rpg_100727,roguelike_deckbuilder card_game card_battler roguelike deckbuilding turn-based strategy singleplayer roguelite replay_value indie difficult dungeon_crawler rpg mouse_only 2d great_soundtrack procedural_generation fantasy casual,2019,142437.0,326.4126572170094,Overwhelmingly Positive,163
Age of Wonders 4,https://store.steampowered.com/app/1669000/Age_of_Wonders_4?snr=1_category_4_strategy_100727,strategy 4x character_customization choices_matter rpg strategy_rpg fantasy moddable lore-rich dwarf turn-based_strategy combat grand_strategy magic singleplayer exploration co-op tactical_rpg top-down multiplayer,2023,11171.0,141.74939759036144,Very Positive,8
Dale & Dawson Stationery Supplies,https://store.steampowered.com/app/2920570/Dale__Dawson_Stationery_Supplies?snr=1_category_4_rpg_100726,casual 3d rpg social_deduction first-person multiplayer comedy party-based_rpg tactical_rpg third_person 1990s strategy character_customization online_co-op co-op politics pvp sexual_content,2024,2688.0,13.07591093117409,Very Positive,38
Armello,https://store.steampowered.com/app/290340/Armello?snr=1_category_4_strategy_100727,board_game pvp turn-based_strategy card_game turn-based strategy rpg dark_fantasy 3d atmospheric hand-drawn 2d tabletop multiple_endings fantasy hex_grid lore-rich adventure tactical_rpg grand_strategy,2015,10674.0,117.20239520958084,Very Positive,17
Vampire Survivors,https://store.steampowered.com/app/1794680/Vampire_Survivors?snr=1_category_4_action_100727,action_roguelike bullet_hell pixel_graphics roguelite 2d indie vampire singleplayer casual arcade action roguelike rpg controller retro score_attack dark_fantasy action_rpg local_co-op 1980s,2022,223533.0,82.55611022364218,Overwhelmingly Positive,209
Microsoft Flight Simulator 40th Anniversary Edition,https://store.steampowered.com/app/1250410/Microsoft_Flight_Simulator_40th_Anniversary_Edition?snr=1_category_4_adventure_salebrowseall,simulation flight realistic open_world multiplayer vr singleplayer atmospheric real-time physics adventure colorful family_friendly beautiful trackir surreal controller epic short psychological_horror,2020,58645.0,402.7043408681736,Mostly Positive,114
Party Animals,https://store.steampowered.com/app/1260320/Party_Animals?snr=1_category_4_action_salebrowseall,casual multiplayer funny cute party_game fighting action pvp co-op party family_friendly online_co-op local_multiplayer physics 3d_fighter 4_player_local indie local_co-op team-based action-adventure,2023,38225.0,47.42229797473431,Mostly Positive,134
Dorfromantik,https://store.steampowered.com/app/1455840/Dorfromantik?snr=1_category_4_strategy_100727,puzzle relaxing city_builder turn-based_strategy strategy board_game casual simulation resource_management sandbox turn-based_tactics logic procedural_generation family_friendly controller minimalist indie 3d hand-drawn singleplayer,2022,24428.0,57.3518,Overwhelmingly Positive,48
Destiny 2,https://store.steampowered.com/app/1085660/Destiny_2?snr=1_category_4_action_100726,free_to_play open_world multiplayer looter_shooter fps mmorpg co-op pve pvp shooter massively_multiplayer loot first-person sci-fi action adventure lore-rich space competitive atmospheric,2019,611858.0,1868.1780794569772,Very Positive,44
Team Fortress 2,https://store.steampowered.com/app/440/Team_Fortress_2?snr=1_category_4_action_100726,free_to_play hero_shooter multiplayer fps shooter action class-based team-based funny first-person online_co-op competitive cartoony trading co-op comedy robots tactical cartoon crafting,2007,1118530.0,2594.5703733280097,Very Positive,179
RimWorld,https://store.steampowered.com/app/294100/RimWorld?snr=1_category_4_simulation_salebrowseall,colony_sim base_building survival strategy sandbox management building simulation singleplayer moddable city_builder open_world procedural_generation 2d sci-fi indie space tactical_rpg western cartoony,2018,163874.0,1188.725748502994,Overwhelmingly Positive,147
World of Warships,https://store.steampowered.com/app/552990/World_of_Warships?snr=1_category_4_simulation_salebrowseall,naval_combat free_to_play naval world_war_ii massively_multiplayer multiplayer action tactical pvp historical military online_co-op team-based simulation realistic shooter pve war third-person_shooter co-op,2017,142698.0,781.6774451097805,Mostly Positive,220
Gym Simulator 24,https://store.steampowered.com/app/2559270/Gym_Simulator_24?snr=1_category_4_sportsandracing_100727,simulation immersive_sim casual management life_sim building sports martial_arts 3d_fighter boxing fps 3d 3d_vision realistic colorful cycling economy modern female_protagonist trading,2024,1778.0,9.410919540229886,Very Positive,85
Euro Truck Simulator 2,https://store.steampowered.com/app/227300/Euro_Truck_Simulator_2?snr=1_category_4_simulation_salebrowseall,driving transportation simulation open_world automobile_sim realistic moddable relaxing exploration immersive_sim economy management atmospheric multiplayer controller family_friendly third_person adventure casual indie,2012,597844.0,607.8135254101641,Overwhelmingly Positive,60
World of Tanks,https://store.steampowered.com/app/1407200/World_of_Tanks?snr=1_category_4_simulation_salebrowseall,tanks free_to_play action military pvp vehicular_combat multiplayer team-based tactical massively_multiplayer war historical world_war_ii simulation co-op realistic shooter third_person third-person_shooter pve,2021,79113.0,291.5033033033033,Very Positive,219
OMORI,https://store.steampowered.com/app/1150690/OMORI?snr=1_category_4_rpg_100727,psychological_horror story_rich pixel_graphics indie great_soundtrack rpg multiple_endings rpgmaker hand-drawn horror 2d colorful turn-based atmospheric party-based_rpg exploration jrpg stylized anime fantasy,2020,65939.0,71.70099800399201,Overwhelmingly Positive,128
CarX Street,https://store.steampowered.com/app/1114150/CarX_Street?snr=1_category_4_simulation_100726,racing open_world multiplayer pvp automobile_sim driving sandbox simulation massively_multiplayer exploration sports third_person atmospheric first-person action arcade 3d 3d_vision physics 6dof,2024,5425.0,28.80963368906836,Mixed,28
Totally Accurate Battle Simulator,https://store.steampowered.com/app/508440/Totally_Accurate_Battle_Simulator?snr=1_category_4_simulation_100727,sandbox simulation funny war physics strategy singleplayer realistic indie adventure colorful fantasy 3d comedy action historical family_friendly cute wargame memes,2021,119634.0,125.964852379996,Overwhelmingly Positive,198
Project Zomboid,https://store.steampowered.com/app/108600/Project_Zomboid?snr=1_category_4_rpg_100726,survival zombies open_world open_world_survival_craft multiplayer sandbox post-apocalyptic co-op crafting indie building simulation rpg survival_horror realistic isometric singleplayer 2d adventure early_access,2013,243331.0,456.9219843968794,Very Positive,140
Kenshi,https://store.steampowered.com/app/233860/Kenshi?snr=1_category_4_rpg_100727,open_world sandbox rpg survival strategy building base_building singleplayer post-apocalyptic crafting city_builder indie simulation adventure management rts character_customization ninja alternate_history steampunk,2018,74177.0,402.5141716566866,Overwhelmingly Positive,93
TROUBLESHOOTER: Abandoned Children,https://store.steampowered.com/app/470310/TROUBLESHOOTER_Abandoned_Children?snr=1_category_4_rpg_100727,crpg tactical_rpg turn-based_tactics turn-based strategy_rpg wargame turn-based_strategy female_protagonist party-based_rpg jrpg rpg strategy controller colorful lore-rich turn-based_combat story_rich atmospheric 2d superhero,2020,8314.0,188.04264607118876,Very Positive,176
Bloons TD 6,https://store.steampowered.com/app/960090/Bloons_TD_6?snr=1_category_4_strategy_salebrowseall,tower_defense strategy multiplayer singleplayer online_co-op co-op family_friendly casual 3d cartoony sandbox great_soundtrack difficult funny cute survival action indie 2d adventure,2018,289266.0,277.4610766459876,Overwhelmingly Positive,23
Driftwood,https://store.steampowered.com/app/2223700/Driftwood?snr=1_category_4_sportsandracing_100727,early_access exploration racing sports skating physics driving simulation skateboarding relaxing nature competitive arcade character_customization 3d third_person action controller action-adventure cute,2023,753.0,13.883408071748878,Overwhelmingly Positive,50
Risk of Rain 2,https://store.steampowered.com/app/632360/Risk_of_Rain_2?snr=1_category_4_action_100726,third-person_shooter action_roguelike multiplayer co-op action roguelite roguelike looter_shooter loot online_co-op shooter difficult third_person great_soundtrack indie survival singleplayer soundtrack early_access bullet_hell,2020,198844.0,248.387624750499,Very Positive,148
Once Human,https://store.steampowered.com/app/2139460/Once_Human?snr=1_category_4_action_salebrowseall,survival open_world multiplayer free_to_play co-op shooter horror post-apocalyptic base_building action adventure strategy 3d rpg simulation mmorpg action-adventure pvp singleplayer strategy_rpg,2024,89006.0,114.45827496497898,Mostly Positive,129
Age of Mythology: Retold,https://store.steampowered.com/app/1934680/Age_of_Mythology_Retold?snr=1_category_4_strategy_salebrowseall,strategy rts mythology action_rts base_building fantasy top-down magic multiplayer level_editor resource_management moddable pvp pve story_rich co-op singleplayer tutorial online_co-op 3d,2024,8251.0,35.20832448502867,Very Positive,7
Manor Lords,https://store.steampowered.com/app/1363080/Manor_Lords?snr=1_category_4_strategy_salebrowseall,strategy city_builder simulation base_building grand_strategy management building resource_management sandbox colony_sim historical survival open_world moddable singleplayer medieval rts early_access replay_value economy,2024,47473.0,34.465269461077845,Very Positive,113
PowerWash Simulator,https://store.steampowered.com/app/1290000/PowerWash_Simulator?snr=1_category_4_simulation_100727,casual relaxing simulation first-person multiplayer 3d sandbox funny immersive_sim co-op online_co-op family_friendly story_rich colorful realistic wholesome singleplayer indie cozy atmospheric,2022,41185.0,96.9612774451098,Overwhelmingly Positive,139
The Crew Motorfest,https://store.steampowered.com/app/2698940/The_Crew_Motorfest?snr=1_category_4_sportsandracing_salebrowseall,racing arcade multiplayer open_world driving sandbox singleplayer sports pvp online_co-op co-op 3d,2024,2485.0,33.646246764452115,Mixed,182
The Crew™ 2,https://store.steampowered.com/app/646910/The_Crew_2?snr=1_category_4_action_salebrowseall,racing open_world automobile_sim multiplayer driving massively_multiplayer action flight co-op singleplayer arcade online_co-op first-person third_person america simulation sports atmospheric adventure sandbox,2018,71364.0,117.81186339125225,Mostly Positive,183
MX vs ATV All Out,https://store.steampowered.com/app/520940/MX_vs_ATV_All_Out?snr=1_category_4_sportsandracing_100727,racing sports simulation motocross atv motorbike offroad open_world multiplayer split_screen bikes,2018,1212.0,60.617872340425535,Very Positive,105
TrackDayR,https://store.steampowered.com/app/1511630/TrackDayR?snr=1_category_4_sportsandracing_100727,motocross bikes racing simulation motorbike atv sports driving realistic pvp 3d early_access indie singleplayer massively_multiplayer multiplayer automobile_sim runner offroad first-person,2021,649.0,41.291536050156736,Very Positive,199
EA SPORTS™ WRC,https://store.steampowered.com/app/1849250/EA_SPORTS_WRC?snr=1_category_4_sportsandracing_salebrowseall,racing simulation automobile_sim sports offroad multiplayer pvp singleplayer early_access vr driving,2023,6814.0,63.2179829890644,Mixed,57
F1® Manager 2024,https://store.steampowered.com/app/2591280/F1_Manager_2024?snr=1_category_4_sportsandracing_salebrowseall,simulation strategy racing automobile_sim immersive_sim time_management realistic 3d driving management sports economy family_friendly tactical base_building choices_matter pve resource_management team-based time_manipulation,2024,1732.0,63.43566992014197,Mixed,63
Two Point Hospital,https://store.steampowered.com/app/535930/Two_Point_Hospital?snr=1_category_4_strategy_salebrowseall,simulation medical_sim management building funny singleplayer strategy sandbox indie comedy casual city_builder replay_value cartoony multiplayer isometric family_friendly classic retro tactical,2018,24391.0,91.4759433020563,Very Positive,202
Left 4 Dead 2,https://store.steampowered.com/app/550/Left_4_Dead_2?snr=1_category_4_action_100727,zombies co-op fps multiplayer shooter online_co-op action survival horror first-person gore team-based moddable survival_horror post-apocalyptic singleplayer adventure local_co-op replay_value tactical,2009,670096.0,964.273308045518,Overwhelmingly Positive,96
Aimlabs,https://store.steampowered.com/app/714010/Aimlabs?snr=1_category_4_simulation_100727,free_to_play fps shooter simulation multiplayer first-person singleplayer action esports competitive indie casual sniper fast-paced early_access difficult score_attack tactical adventure third-person_shooter,2023,116386.0,115.55653216140632,Very Positive,9
People Playground,https://store.steampowered.com/app/1118200/People_Playground?snr=1_category_4_simulation_100727,sandbox gore physics blood moddable violent 2d singleplayer destruction simulation funny building pixel_graphics psychological_horror indie action casual horror comedy choose_your_own_adventure,2019,243162.0,254.73747254941105,Overwhelmingly Positive,135
The Ramp,https://store.steampowered.com/app/1506510/The_Ramp?snr=1_category_4_sportsandracing_100726,skateboarding sports skating relaxing minimalist snowboarding bmx sandbox action controller casual arcade singleplayer 3d stylized skiing indie atmospheric driving simulation,2021,1058.0,3.903,Overwhelmingly Positive,186
Liftoff®: FPV Drone Racing,https://store.steampowered.com/app/410340/Liftoff_FPV_Drone_Racing?snr=1_category_4_sportsandracing_salebrowseall,simulation flight racing realistic first-person sports multiplayer immersive_sim indie early_access crafting level_editor singleplayer atmospheric exploration education 3d modern parkour science,2018,9182.0,112.32024048096191,Very Positive,99
Sekiro™: Shadows Die Twice - GOTY Edition,https://store.steampowered.com/app/814380/Sekiro_Shadows_Die_Twice__GOTY_Edition?snr=1_category_4_action_100727,souls-like difficult action singleplayer ninja stealth adventure third_person open_world story_rich violent atmospheric assassin dark_fantasy hack_and_slash rpg gore great_soundtrack rhythm dark,2019,217669.0,109.97923322683708,Overwhelmingly Positive,157
Dyson Sphere Program,https://store.steampowered.com/app/1366540/Dyson_Sphere_Program?snr=1_category_4_simulation_salebrowseall,space automation base_building building open_world resource_management simulation sci-fi management sandbox city_builder strategy singleplayer space_sim 3d third_person early_access indie rts multiplayer,2021,73564.0,299.78738271112,Overwhelmingly Positive,53
Oxygen Not Included,https://store.steampowered.com/app/457140/Oxygen_Not_Included?snr=1_category_4_simulation_100727,colony_sim base_building survival resource_management building singleplayer management 2d simulation sandbox strategy space indie sci-fi exploration difficult open_world multiplayer adventure space_sim,2019,112146.0,543.6433706070287,Overwhelmingly Positive,130
Anno 1800,https://store.steampowered.com/app/916440/Anno_1800?snr=1_category_4_simulation_salebrowseall,city_builder strategy simulation economy multiplayer resource_management sandbox rts exploration singleplayer management co-op historical political building choose_your_own_adventure politics choices_matter story_rich multiple_endings,2019,16958.0,150.15514131088395,Very Positive,14
Fields of Mistria,https://store.steampowered.com/app/2142790/Fields_of_Mistria?snr=1_category_4_simulation_100726,early_access rpg farming_sim simulation dating_sim life_sim romance farming agriculture cute relaxing anime sandbox open_world pixel_graphics 2d crafting building cooking mining,2024,8331.0,37.8246,Overwhelmingly Positive,69
Football Manager 2024,https://store.steampowered.com/app/2252570/Football_Manager_2024?snr=1_category_4_sportsandracing_salebrowseall,simulation sports strategy management football_(soccer) multiplayer esports economy real_time_tactics singleplayer 3d text-based 2d,2023,9784.0,593.195647833899,Very Positive,71
Palworld,https://store.steampowered.com/app/1623730/Palworld?snr=1_category_4_adventure_salebrowseall,open_world multiplayer survival creature_collector open_world_survival_craft crafting co-op adventure sandbox third-person_shooter automation action rpg early_access anime pve 3d indie looter_shooter hack_and_slash,2024,275679.0,98.27385229540918,Very Positive,133
Sea of Thieves: 2024 Edition,https://store.steampowered.com/app/1172620/Sea_of_Thieves_2024_Edition?snr=1_category_4_action_salebrowseall,multiplayer open_world adventure pirates co-op online_co-op action pvp sailing first-person exploration naval pve funny massively_multiplayer fps atmospheric great_soundtrack swordplay singleplayer,2020,293132.0,368.01660664265705,Very Positive,156
Ale & Tale Tavern,https://store.steampowered.com/app/2683150/Ale__Tale_Tavern?snr=1_category_4_simulation_100726,adventure simulation online_co-op cooking fantasy action first-person management co-op sandbox 3d casual economy indie building exploration family_friendly action-adventure party_game singleplayer,2024,1478.0,10.95128552097429,Very Positive,10
Stellaris,https://store.steampowered.com/app/281990/Stellaris?snr=1_category_4_simulation_salebrowseall,space grand_strategy strategy sci-fi 4x exploration sandbox simulation multiplayer singleplayer real-time_with_pause moddable diplomacy management futuristic military replay_value great_soundtrack procedural_generation atmospheric,2016,119399.0,769.649,Very Positive,170
Supermarket Simulator,https://store.steampowered.com/app/2670630/Supermarket_Simulator?snr=1_category_4_simulation_100726,simulation management economy multiplayer singleplayer immersive_sim trading first-person life_sim building capitalism resource_management 3d sandbox realistic casual inventory_management early_access indie driving,2024,48211.0,46.81941669996005,Very Positive,173
LOCKDOWN Protocol,https://store.steampowered.com/app/2780980/LOCKDOWN_Protocol?snr=1_category_4_action_salebrowseall,early_access multiplayer social_deduction conversation action space casual investigation sci-fi real_time_tactics fps puzzle pvp first-person perma_death cute 3d team-based strategy stylized,2024,3459.0,20.94039735099338,Very Positive,95
Walkabout Mini Golf VR,https://store.steampowered.com/app/1408230/Walkabout_Mini_Golf_VR?snr=1_category_4_sportsandracing_100727,sports golf mini_golf vr pvp 3d first-person casual historical colorful minimalist stylized fantasy pirates 6dof atmospheric multiplayer nature physics singleplayer,2021,2656.0,42.6002358490566,Overwhelmingly Positive,212
F1® 24,https://store.steampowered.com/app/2488620/F1_24?snr=1_category_4_sportsandracing_salebrowseall,racing sports driving multiplayer automobile_sim vr simulation early_access singleplayer competitive realistic casual co-op online_co-op pvp character_customization horror world_war_ii great_soundtrack esports,2024,4246.0,70.16198419666374,Mixed,62
God of War,https://store.steampowered.com/app/1593500/God_of_War?snr=1_category_4_rpg_100727,action singleplayer story_rich adventure mythology combat third_person rpg hack_and_slash violent open_world fantasy exploration atmospheric gore action_rpg emotional souls-like 3d pve,2022,99229.0,46.73561836039286,Overwhelmingly Positive,77
Magic: The Gathering Arena,https://store.steampowered.com/app/2141910/Magic_The_Gathering_Arena?snr=1_category_4_strategy_salebrowseall,strategy card_game trading_card_game free_to_play deckbuilding pvp turn-based_strategy esports multiplayer fantasy magic tactical gambling lgbtq+,2023,13490.0,200.85289421157685,Mixed,112
Golf Gang,https://store.steampowered.com/app/1151050/Golf_Gang?snr=1_category_4_sportsandracing_100727,mini_golf pvp multiplayer racing arcade sports physics indie family_friendly combat_racing funny co-op cute singleplayer action party_game casual party golf online_co-op,2022,692.0,9.929260450160772,Very Positive,78
MXGP PRO,https://store.steampowered.com/app/798290/MXGP_PRO?snr=1_category_4_sportsandracing_100727,simulation racing sports motocross motorbike multiplayer offroad,2018,777.0,53.16166281755197,Very Positive,110
Summoners War,https://store.steampowered.com/app/2426960/Summoners_War?snr=1_category_4_strategy_100726,free_to_play rpg strategy rts strategy_rpg turn-based_strategy tactical_rpg turn-based_tactics pvp real_time_tactics pve tutorial turn-based_combat lore-rich fantasy colorful anime cinematic multiplayer party-based_rpg,2024,6355.0,407.5370447886145,Mostly Positive,172
Call of Duty®: Black Ops III,https://store.steampowered.com/app/311210/Call_of_Duty_Black_Ops_III?snr=1_category_4_action_salebrowseall,multiplayer zombies fps shooter action first-person singleplayer co-op futuristic illuminati hero_shooter robots sci-fi gore great_soundtrack story_rich atmospheric parkour quick-time_events simulation,2015,132408.0,280.76381104883905,Very Positive,25
Warframe,https://store.steampowered.com/app/230410/Warframe?snr=1_category_4_action_salebrowseall,free_to_play action_rpg looter_shooter third-person_shooter action rpg third_person character_customization massively_multiplayer online_co-op co-op singleplayer pve sci-fi space lore-rich shooter hack_and_slash parkour ninja,2013,591568.0,2056.725294469954,Very Positive,215
Jurassic World Evolution 2,https://store.steampowered.com/app/1244460/Jurassic_World_Evolution_2?snr=1_category_4_simulation_salebrowseall,dinosaurs building simulation management sandbox strategy singleplayer city_builder economy resource_management sci-fi open_world violent atmospheric sequel action multiplayer survival base_building casual,2021,25599.0,105.87737547509502,Very Positive,92
MX vs ATV Legends,https://store.steampowered.com/app/1205970/MX_vs_ATV_Legends?snr=1_category_4_sportsandracing_100726,racing sports arcade 3d first-person realistic third_person driving motocross family_friendly motorbike offroad pvp controller physics multiplayer singleplayer atv open_world vr,2022,1650.0,58.62846580406654,Mostly Positive,106
Dune: Imperium,https://store.steampowered.com/app/1689500/Dune_Imperium?snr=1_category_4_strategy_100727,board_game strategy deckbuilding sci-fi simulation card_game grand_strategy tabletop space_sim top-down dystopian economy fantasy futuristic lore-rich military political space choices_matter combat,2024,2104.0,81.75869120654397,Overwhelmingly Positive,51
Total War: WARHAMMER III,https://store.steampowered.com/app/1142710/Total_War_WARHAMMER_III?snr=1_category_4_action_salebrowseall,strategy turn-based_strategy grand_strategy rts fantasy real_time_tactics war dark_fantasy action tactical atmospheric dwarf games_workshop multiplayer colorful co-op pvp singleplayer story_rich online_co-op,2022,75474.0,476.4281712685074,Mixed,197
American Truck Simulator,https://store.steampowered.com/app/270880/American_Truck_Simulator?snr=1_category_4_simulation_salebrowseall,automobile_sim driving open_world transportation simulation america realistic moddable relaxing exploration economy management atmospheric immersive_sim multiplayer singleplayer adventure casual family_friendly level_editor,2016,131247.0,502.9431137724551,Overwhelmingly Positive,12
Tanuki Sunset,https://store.steampowered.com/app/1251460/Tanuki_Sunset?snr=1_category_4_sportsandracing_100727,racing action indie sports adventure skateboarding skating casual,2020,420.0,9.406666666666666,Very Positive,178
NBA 2K24,https://store.steampowered.com/app/2338770/NBA_2K24?snr=1_category_4_sportsandracing_salebrowseall,sports basketball simulation esports 3d realistic management pvp character_customization controller immersive_sim team-based trading co-op local_co-op local_multiplayer multiplayer gambling online_co-op singleplayer,2023,31089.0,158.22840498192045,Mostly Negative,122
Apex Legends™,https://store.steampowered.com/app/1172470/Apex_Legends?snr=1_category_4_action_salebrowseall,free_to_play battle_royale multiplayer fps shooter first-person pvp action hero_shooter team-based tactical sci-fi survival loot character_customization funny co-op lore-rich cyberpunk cinematic,2020,948818.0,801.2887154861945,Mixed,15
Session: Skate Sim,https://store.steampowered.com/app/861650/Session_Skate_Sim?snr=1_category_4_sportsandracing_100727,sports skateboarding simulation singleplayer indie action realistic third_person difficult exploration funny family_friendly physics early_access character_customization skating immersive_sim parkour multiplayer strategy,2022,11505.0,86.86710896662646,Very Positive,158
Sledders,https://store.steampowered.com/app/2486740/Sledders?snr=1_category_4_sportsandracing_100726,motocross simulation motorbike snow offroad racing sports moddable exploration physics driving character_customization multiplayer immersive_sim 3d early_access realistic third_person bikes sandbox,2023,1711.0,44.08314087759816,Overwhelmingly Positive,164
MXGP 2021 - The Official Motocross Videogame,https://store.steampowered.com/app/1610470/MXGP_2021__The_Official_Motocross_Videogame?snr=1_category_4_sportsandracing_100727,racing simulation sports bikes motocross motorbike pvp multiplayer singleplayer,2021,757.0,44.3121546961326,Very Positive,109
Lonely Mountains: Downhill,https://store.steampowered.com/app/711540/Lonely_Mountains_Downhill?snr=1_category_4_sportsandracing_100727,bikes difficult sports indie racing physics nature singleplayer simulation cycling exploration open_world action 3d fast-paced souls-like offroad funny competitive arcade,2019,2235.0,31.95294117647059,Very Positive,103
Grand Mountain Adventure: Wonderlands,https://store.steampowered.com/app/1247360/Grand_Mountain_Adventure_Wonderlands?snr=1_category_4_sportsandracing_100727,simulation adventure sports casual indie racing skiing snowboarding open_world 3d multiplayer co-op singleplayer beautiful,2022,196.0,14.357723577235772,Very Positive,82
FINAL FANTASY XIV Online,https://store.steampowered.com/app/39210/FINAL_FANTASY_XIV_Online?snr=1_category_4_action_100726,mmorpg rpg massively_multiplayer fantasy character_customization jrpg story_rich open_world multiplayer magic adventure third_person co-op action online_co-op atmospheric exploration action_rpg crafting female_protagonist,2014,70358.0,4171.494610778444,Very Positive,65
WWE 2K24,https://store.steampowered.com/app/2315690/WWE_2K24?snr=1_category_4_sportsandracing_salebrowseall,sports simulation wrestling fighting character_customization singleplayer pvp co-op local_co-op online_co-op multiplayer controller local_multiplayer casual 3d_fighter 3d realistic sandbox,2024,3531.0,113.51788963007884,Mostly Positive,211
ELDEN RING,https://store.steampowered.com/app/1245620/ELDEN_RING?snr=1_category_4_action_salebrowseall,souls-like dark_fantasy open_world rpg difficult action_rpg third_person multiplayer fantasy singleplayer online_co-op action co-op pvp atmospheric great_soundtrack violent 3d character_customization family_friendly,2022,705261.0,304.5951175945222,Very Positive,58
TCG Card Shop Simulator,https://store.steampowered.com/app/3070070/TCG_Card_Shop_Simulator?snr=1_category_4_simulation_salebrowseall,simulation management collectathon economy capitalism singleplayer early_access immersive_sim trading_card_game trading life_sim 3d first-person card_game relaxing casual multiplayer,2024,3122.0,19.28043478260869,Overwhelmingly Positive,175
Visions of Mana,https://store.steampowered.com/app/2490990/Visions_of_Mana?snr=1_category_4_rpg_100726,rpg jrpg party-based_rpg action_rpg 3d cute action lore-rich story_rich colorful fantasy anime magic class-based atmospheric adventure singleplayer old_school open_world,2024,1171.0,33.517105263157895,Very Positive,210
"Warhammer 40,000: Space Marine 2",https://store.steampowered.com/app/2183900/Warhammer_40000_Space_Marine_2?snr=1_category_4_action_salebrowseall,warhammer_40k action third-person_shooter adventure multiplayer action-adventure pve co-op third_person wargame sci-fi 3d narration fantasy space war realistic singleplayer cinematic futuristic,2024,62791.0,37.753456899087965,Very Positive,218
MXGP 2019 - The Official Motocross Videogame,https://store.steampowered.com/app/1018160/MXGP_2019__The_Official_Motocross_Videogame?snr=1_category_4_sportsandracing_100727,simulation racing sports motorbike motocross multiplayer,2019,858.0,47.93946188340807,Very Positive,108
UFO 50,https://store.steampowered.com/app/1147860/UFO_50?snr=1_category_4_adventure_salebrowseall,indie action pixel_graphics retro strategy adventure rpg 2d casual arcade,2024,843.0,15.991215226939971,Very Positive,203
69 Balls,https://store.steampowered.com/app/2335720/69_Balls?snr=1_category_4_sportsandracing_100727,pool football_(soccer) multiplayer pvp funny team-based esports third_person sports action mini_golf football_(american) simulation rts shooter real_time_tactics third-person_shooter 3d cartoony free_to_play,2023,143.0,31.316666666666663,Very Positive,0
GP Bikes,https://store.steampowered.com/app/848050/GP_Bikes?snr=1_category_4_sportsandracing_100727,racing sports bikes simulation motorbike pvp vr esports first-person third_person early_access multiplayer singleplayer trackir,2021,297.0,190.56666666666663,Very Positive,75
All-In-One Sports VR,https://store.steampowered.com/app/1514840/AllInOne_Sports_VR?snr=1_category_4_sportsandracing_100726,simulation vr sports baseball basketball bowling casual boxing archery tennis pool golf arcade esports physics 6dof realistic singleplayer multiplayer action,2023,624.0,10.02710843373494,Very Positive,11
Golf Peaks,https://store.steampowered.com/app/923260/Golf_Peaks?snr=1_category_4_sportsandracing_100727,card_game strategy sports casual isometric management golf colorful family_friendly 2d singleplayer wholesome mini_golf turn-based minimalist puzzle cozy stylized 2.5d nature,2018,658.0,4.844632768361582,Overwhelmingly Positive,80
Dead Rising Deluxe Remaster,https://store.steampowered.com/app/2527390/Dead_Rising_Deluxe_Remaster?snr=1_category_4_action_salebrowseall,action adventure zombies action-adventure sandbox survival spectacle_fighter horror dark dark_comedy time_management singleplayer sci-fi third_person lgbtq+ gore cinematic cute multiple_endings funny,2024,1338.0,10.976631748589847,Very Positive,40
EA SPORTS™ Madden NFL 25,https://store.steampowered.com/app/2582560/EA_SPORTS_Madden_NFL_25?snr=1_category_4_simulation_salebrowseall,simulation strategy football_(american) sports competitive gambling nsfw,2024,865.0,53.86305732484077,Mixed,56
MXGP - The Official Motocross Videogame,https://store.steampowered.com/app/256370/MXGP__The_Official_Motocross_Videogame?snr=1_category_4_sportsandracing_100727,racing sports simulation motocross offroad motorbike multiplayer bikes action realistic adventure singleplayer open_world co-op,2014,1208.0,40.14615384615384,Very Positive,107
Black Myth: Wukong,https://store.steampowered.com/app/2358720/Black_Myth_Wukong?snr=1_category_4_action_salebrowseall,mythology action_rpg action rpg souls-like combat story_rich singleplayer drama action-adventure dark_fantasy atmospheric adventure 3d fantasy hack_and_slash third_person difficult music violent,2024,654820.0,49.454113454113454,Overwhelmingly Positive,22
Monster Energy Supercross - The Official Videogame,https://store.steampowered.com/app/711750/Monster_Energy_Supercross__The_Official_Videogame?snr=1_category_4_sportsandracing_100727,sports simulation racing motorbike motocross bikes cycling multiplayer singleplayer,2018,702.0,58.19294990723562,Very Positive,115
EA SPORTS FC™ 25,https://store.steampowered.com/app/2669320/EA_SPORTS_FC_25?snr=1_category_4_simulation_salebrowseall,simulation sports football_(soccer) esports controller competitive multiplayer family_friendly local_co-op local_multiplayer online_co-op modern pvp singleplayer realistic soundtrack co-op,2024,2594.0,14.484641638225256,Mixed,55
MXGP3 - The Official Motocross Videogame,https://store.steampowered.com/app/561600/MXGP3__The_Official_Motocross_Videogame?snr=1_category_4_sportsandracing_100727,racing sports simulation motocross motorbike offroad multiplayer bikes singleplayer,2017,838.0,43.35645472061657,Very Positive,111
Shawarma Legend,https://store.steampowered.com/app/3036080/Shawarma_Legend?snr=1_category_4_simulation_salebrowseall,simulation life_sim time_management 2d cartoon cooking cartoony comedy funny management crafting singleplayer resource_management,2024,483.0,9.5,Very Positive,159
Train Sim World® 5,https://store.steampowered.com/app/2967990/Train_Sim_World_5?snr=1_category_4_simulation_salebrowseall,simulation adventure automobile_sim immersive_sim first-person realistic vr atmospheric trains driving relaxing family_friendly transportation open_world physics singleplayer story_rich,2024,320.0,13.925311203319502,Mostly Positive,200
Motordoom,https://store.steampowered.com/app/1894720/Motordoom?snr=1_category_4_sportsandracing_100726,skateboarding bmx roguelite arcade action_roguelike shooter bullet_hell roguelike motocross vehicular_combat sports motorbike action 3d arena_shooter bikes demons singleplayer retro third-person_shooter,2024,108.0,3.817307692307693,Very Positive,117
Counter-Strike 2,https://store.steampowered.com/app/730/CounterStrike_2?snr=1_category_4_action_salebrowseall,fps shooter multiplayer competitive action team-based esports tactical first-person pvp online_co-op co-op strategy military war difficult trading realistic fast-paced moddable,2012,8313603.0,2760.852628470171,Very Positive,33
